title,url,markdown,author,description,date,image,favicon
"U.S. Department of Education Issues Guidance on Artificial Intelligence Use in Schools, Proposes Additional Supplemental Priority | U.S. Department of Education",https://www.ed.gov/about/news/press-release/us-department-of-education-issues-guidance-artificial-intelligence-use-schools-proposes-additional-supplemental-priority,"[Skip to main content](https://www.ed.gov/about/news/press-release/us-department-of-education-issues-guidance-artificial-intelligence-use-schools-proposes-additional-supplemental-priority#main-content) [Skip to feedback](https://www.ed.gov/about/news/press-release/us-department-of-education-issues-guidance-artificial-intelligence-use-schools-proposes-additional-supplemental-priority#fba-button)

![Dot gov](https://www.ed.gov/themes/custom/edgov/assets/uswds/images/icon-dot-gov.svg)

**Official websites use .gov**

A **.gov** website belongs to an official government organization in the United States.


![Https](https://www.ed.gov/themes/custom/edgov/assets/uswds/images/icon-https.svg)

**Secure .gov websites use HTTPS**

A **lock** ( LockLocked padlock
) or **https://** means you’ve safely connected to the .gov website. Share sensitive information only on official, secure websites.


Historical Content

This page has been marked as historical and is no longer actively maintained by the Department of Education.


Press Release

# U.S. Department of Education Issues Guidance on Artificial Intelligence Use in Schools, Proposes Additional Supplemental Priority

July 22, 2025

Today, the U.S. Department of Education [sent](https://www.ed.gov/media/document/opepd-ai-dear-colleague-letter-7222025-110427.pdf) a Dear Colleague Letter (DCL) to grantees and future grantees on leveraging federal grant funds to improve education outcomes through Artificial Intelligence (AI). This guidance outlines how AI may be used across key educational functions, articulates principles for the responsible use of AI, and affirms that such uses are allowable under existing federal education programs, provided they align with applicable statutory and regulatory requirements.

U.S. Secretary of Education Linda McMahon also announced her fourth proposed supplemental grantmaking priority, advancing AI in education. It has been [published](https://www.federalregister.gov/documents/2025/07/21/2025-13650/proposed-priority-and-definitions-secretarys-supplemental-priority-and-definitions-on-advancing) in the Federal Register for a 30-day public comment period. Once all comments are received, summarized, and responded to, the Department will complete the rulemaking process by publishing a Notice of Final Priorities (NFP) that it will utilize to shape future discretionary grant competitions.

“Artificial intelligence has the potential to revolutionize education and support improved outcomes for learners,” **said U.S. Secretary of Education Linda McMahon.**“It drives personalized learning, sharpens critical thinking, and prepares students with problem-solving skills that are vital for tomorrow’s challenges. Today’s guidance also emphasizes the importance of parent and teacher engagement in guiding the ethical use of AI and using it as a tool to support individualized learning and advancement. By teaching about AI and foundational computer science while integrating AI technology responsibly, we can strengthen our schools and lay the foundation for a stronger, more competitive economy.”

Today’s actions are in response to President Trump’s April 23 [Executive Order](https://www.whitehouse.gov/presidential-actions/2025/04/advancing-artificial-intelligence-education-for-american-youth/), _Advancing Artificial Intelligence Education for American Youth_.

**Background:**

_Dear Colleague Letter on AI:_

This guidance addresses the use of formula and discretionary grant funds to support improved outcomes for learners through the responsible integration of AI, including:

- AI-based high-quality instructional materials;
- AI-enhanced high-impact tutoring; and
- AI for college and career pathway exploration, advising, and navigation.

The letter also overviews principles for the responsible adoption of AI, including attention to user privacy issues and the importance of teaching students about the appropriate use of AI in the context of social media.

The guidance document emphasizes the importance of engaging affected stakeholders, especially parents, in decisions about the adoption and deployment of new technologies.

_Secretary McMahon’s Supplemental Priority on AI:_

In May, Secretary McMahon [announced](https://www.ed.gov/about/news/press-release/us-department-of-education-releases-secretary-mcmahons-supplemental-grant-priorities) her first three proposed priorities for the Department’s discretionary grants: evidence-based literacy, expanding education choice, and returning education to the states.

Secretary McMahon’s proposed priority outlines key areas for expanding responsible AI education, including:

- Integrating AI literacy into teaching practices to improve student outcomes;
- Expanding AI and computer science education in K-12 schools and higher education institutions;
- Supporting professional development for educators on teaching AI and computer science fundamentals; and
- Using AI to personalize learning and support differentiated instruction, improving outcomes for students at all levels.

Additionally, the proposed priority encourages the use of AI technologies to enhance classroom efficiency, reduce administrative burdens, and improve teacher training and evaluation.

The Department seeks public comment on the proposed priority and definitions. Interested parties are invited to submit feedback via the Federal eRulemaking Portal at [Regulations.gov](https://www.regulations.gov/) by August 20, 2025.

In addition to its grant competitions, the Department is exploring ways to streamline and modernize its own operations by leveraging AI in support of students and families. In particular, Federal Student Aid (FSA) recently asked its current and anticipated vendors how they could utilize AI to detect and prevent fraud and abuse and improve service delivery related to student aid and postsecondary pathway exploration.

## Contact

Press Office

(202) 401-1576

press@ed.gov

Office of Communications and Outreach (OCO)

Page Last Reviewed:

July 22, 2025

Help improve ED.gov

## Success

Thank you. Your feedback has been received.


## Error

alert message


I found the site helpful.

Disagree

Neutral

Agree

How can we improve?


2500 characters allowed


Submit",,"Today, the U.S. Department of Education sent a Dear Colleague Letter (DCL) to grantees and future grantees on leveraging federal grant funds to improve education outcomes through Artificial Intelligence (AI).",,http://www.ed.gov/themes/custom/edgov/images/ed-og.png,https://www.ed.gov/themes/custom/edgov/favicon.ico
Artificial Intelligence (AI) Guidance | U.S. Department of Education,https://www.ed.gov/about/ed-overview/artificial-intelligence-ai-guidance,"[Skip to main content](https://www.ed.gov/about/ed-overview/artificial-intelligence-ai-guidance#main-content) [Skip to feedback](https://www.ed.gov/about/ed-overview/artificial-intelligence-ai-guidance#fba-button)

![Dot gov](https://www.ed.gov/themes/custom/edgov/assets/uswds/images/icon-dot-gov.svg)

**Official websites use .gov**

A **.gov** website belongs to an official government organization in the United States.


![Https](https://www.ed.gov/themes/custom/edgov/assets/uswds/images/icon-https.svg)

**Secure .gov websites use HTTPS**

A **lock** ( LockLocked padlock
) or **https://** means you’ve safely connected to the .gov website. Share sensitive information only on official, secure websites.


# Artificial Intelligence (AI) Guidance

OCIO supports the Department of Education’s adherence to Federal regulations pertaining to AI advancement and ensuring responsible and secure usage of AI while embracing its innovative technologies and capabilities in accordance with Executive Order [_Removing Barriers to American Leadership in Artificial Intelligence_](https://www.whitehouse.gov/presidential-actions/2025/01/removing-barriers-to-american-leadership-in-artificial-intelligence/) _._

### **Inventory of U.S. Department of Education AI Use - Cases**

The Department of Education has assembled an inventory of AI use-cases, demonstrating the Department’s commitment to AI innovation and advancement.

|     |     |     |     |
| --- | --- | --- | --- |
| **Program Office** | **Office Function** | **Use Case** | **Description** |
| **Federal Student Aid** | Manages programs authorized under the Higher Education Act of 1965 including financial aid for students attending higher education programs. | Aidan Chat-bot | Federal Student Aid's (FSA) virtual assistant uses natural language processing to answer common financial aid questions and help customers get information about their federal aid on StudentAid.gov.<br>In just over two years, Aidan has interacted with over 2.6 million unique customers, resulting in more than 11 million user messages. |
| **Office of Finance and Operations** | To transform the Department into a high-performance, customer-focused organization by providing services to our customers that help them do a better job of managing their people, processes, and overall strategy. | IPAC RPA Bot | The IPAC Workflow bot downloads a date range csv file from the Treasury's IPAC system, adjusts the entries to fit the ED system, and uploads them to the ED SharePoint sites and the Financial system. |
| **Office of Finance and Operations** | To transform the Department into a high-performance, customer-focused organization by providing services to our customers that help them do a better job of managing their people, processes, and overall strategy. | CAISY - Artificial Intelligence System Skillsoft Percipio Assessment for the Department Use | CAISY is designed to enhance decision-making and operational efficiency by delivering real-time insights, predictive analytics, and intelligent automation. By streamlining repetitive tasks and improving situational awareness, it helps organizations reduce costs, boost productivity, and make more accurate, data-driven decisions. |
| **Office of the Under Secretary** | Coordinates policies, programs, and activities related to Postsecondary Education (OPE), Career, Technical Education, Adult Education (OCTAE), The Office of the Chief Economist, and Federal Student Aid (FSA). | Speech to Text Meeting Transcription | Otter.AI is designed to enhance communication and productivity by providing real-time transcription and collaboration tools for meetings, interviews, lectures, and other audio interactions. It enables users to focus on conversations while generating accurate, searchable transcripts, improving accessibility, saving time, and streamlining the organization of critical information. |
| **Federal Student Aid** | Manages programs authorized under the Higher Education Act of 1965 including financial aid for students attending higher education programs. | Generative AI and Foundation Model Integration | AWS Bedrock enables organizations to build and scale applications powered by foundation models, supporting use cases such as text generation, summarization, conversational AI, personalization, and content creation, with seamless integration into existing AWS services and infrastructure. |
| **Contracts & Acquisitions Management** | Responsible for the solicitation, award, administration, and closeout of all contracts and other acquisition instruments, except for Office of Federal Student Aid procurements and some simplified acquisitions and General Services Administration schedule orders. | Generative AI - Text Generation | AI generates summaries and outlines for projects and presentations, helping to organize key points and structure content effectively. This assists users in quickly preparing for discussions, reports, or presentations by focusing on the most relevant information. |
| **Federal Student Aid** | Manages programs authorized under the Higher Education Act of 1965 including financial aid for students attending higher education programs. | Generative AI - Code Generation | When given written paragraphs as prompts, AI generates code snippets in a variety of programming languages. This capability allows users to quickly obtain relevant code tailored to their specific requirements. |
| **Federal Student Aid** | Manages programs authorized under the Higher Education Act of 1965 including financial aid for students attending higher education programs. | Generative AI - Idea Suggestion | When prompted with written paragraphs, AI suggests possible courses of actions for given scenarios. |
| **Federal Student Aid** | Manages programs authorized under the Higher Education Act of 1965 including financial aid for students attending higher education programs. | Generative AI - Information Summarization | When provided with publicly available documents or articles, AI extracts key points, generates summaries, and identifies relevant action items. This helps users quickly grasp the essential information and determine next steps without having to read the entire content. |
| **Federal Student Aid** | Manages programs authorized under the Higher Education Act of 1965 including financial aid for students attending higher education programs. | Generative AI - Text Generation | When provided with outlines or ideas, AI provides sample paragraphs that may be used to assist in the writing process. |
| **Grants Management Policy Division** | Coordinates with all components of ED to develop and institute Department-wide grant policies and procedures for formula and discretionary grants management. | Generative AI - Code Generation | When given written paragraphs as prompts, AI generates code snippets in a variety of programming languages. This capability allows users to quickly obtain relevant code tailored to their specific requirements. |
| **Grants Management Policy Division** | Coordinates with all components of ED to develop and institute Department-wide grant policies and procedures for formula and discretionary grants management. | Generative AI - Design Generation | AI will create paragraphs and images to augment visual designs for web design and communication. |
| **Institute of Education Sciences** | The nation's leading source for rigorous, independent education research, evaluation, and statistics. | Generative AI - Code Generation | Assisting in the development of code used for data analysis, AI is given descriptions of desired functions and returns snippets of R code. |
| **Institute of Education Sciences** | The nation's leading source for rigorous, independent education research, evaluation, and statistics. | Generative AI - Code Generation | When prompted with SAS Syntax, AI will provide suggestions of code optimization opportunities. |
| **Institute of Education Sciences** | The nation's leading source for rigorous, independent education research, evaluation, and statistics. | Generative AI - Text Generation | When provided with outlines or ideas, AI provides sample paragraphs that may be used to assist in the writing process. |
| **Office of the Chief Data Officer** | Managing and improving the Department's ability to leverage data as a strategic asset. | Generative AI - Code Generation | AI is used to train employees on the benefits of prompt engineering, by providing snippets of code, allowing users to compare the performance of the  generated code. |
| **Office of the Chief Data Officer** | Managing and improving the Department's ability to leverage data as a strategic asset. | Generative AI - Data Manipulation | AI is used to automate the conversion between related data types, such as translating a county name into its corresponding county FIPS (Federal Information Processing Standards) code, recognizing and mapping the relationship between different forms of data. |
| **Office of the Chief Data Officer** | Managing and improving the Department's ability to leverage data as a strategic asset. | Generative AI - Idea Suggestion | AI is used to assist in training employees by generating paragraphs and images related to the topic of study. |
| **Office of the Chief Data Officer** | Managing and improving the Department's ability to leverage data as a strategic asset. | Generative AI - Mock Data Generation | AI is used to generate mock data sets for testing purposes. These simulated datasets help assess system performance, validate models, and ensure the accuracy of data-driven processes without using real-world data. |
| **Office of the Chief Information Officer** | Implementing the operative principles identified in the Act requiring the establishment of a management framework to improve the planning and control of information technology investments and leading change to improve the efficiency and effectiveness of agency operations. | Generative AI - Code Generation | AI is utilized to generate sample code snippets that assist users in understanding programming language syntax and addressing troubleshooting challenges by providing clear, contextually relevant examples. |
| **Office of the Chief Information Officer** | Implementing the operative principles identified in the Act requiring the establishment of a management framework to improve the planning and control of information technology investments and leading change to improve the efficiency and effectiveness of agency operations. | Generative AI - Idea Suggestion | AI can assist in generating segments of outreach strategies, creating project plans, and brainstorming ideas. It helps streamline the process by providing structured suggestions and innovative concepts for various aspects of planning and communication. |
| **Office of the Chief Information Officer** | Implementing the operative principles identified in the Act requiring the establishment of a management framework to improve the planning and control of information technology investments and leading change to improve the efficiency and effectiveness of agency operations. | Generative AI - Information Summarization | AI is used to research and analyze public articles and policies, extracting key action items enabling users to quickly identify important takeaways and actionable insights from complex or lengthy documents. |
| **Office of the Chief Information Officer** | Implementing the operative principles identified in the Act requiring the establishment of a management framework to improve the planning and control of information technology investments and leading change to improve the efficiency and effectiveness of agency operations. | Generative AI - System Testing | AI will be provided with fabricated examples of prohibited prompt information, to ensure proper filters and data loss prevention methods are in place. |
| **Office of the Chief Information Officer** | Implementing the operative principles identified in the Act requiring the establishment of a management framework to improve the planning and control of information technology investments and leading change to improve the efficiency and effectiveness of agency operations. | Generative AI - Text Generation | AI is leveraged to suggest descriptive paragraphs, workflow diagrams, and qualifications for public positions. This helps streamline the creation of detailed content, visual representations, and role requirements, ensuring clarity and relevance for various public sector needs. |
| **Office of Communications and Outreach** | Responsible for overall leadership for the Department in its communications and outreach activities. These activities are designed to engage the general public, including a wide variety of education, community, business, parent, student, and other organizations, in the U.S. Department of Education's mission. | Generative AI - Text Generation | AI is used to assist with message communication in written paragraphs, crafting text designed to capture the attention of viewers. By analyzing tone, structure, and content relevance, AI helps generate compelling and engaging messages that resonate with the target audience. |
| **Office for Civil Rights** | Responsible for overall leadership for the Department in its communications and outreach activities. These activities are designed to engage the general public, including a wide variety of education, community, business, parent, student, and other organizations, in the U.S. Department of Education's mission. | Generative AI - Code Generation | AI is used to create sample DAX code to assist in the creation of charts and tables for data analysis. |
| **Office for Civil Rights** | Responsible for overall leadership for the Department in its communications and outreach activities. These activities are designed to engage the general public, including a wide variety of education, community, business, parent, student, and other organizations, in the U.S. Department of Education's mission. | Generative AI - Text Generation | AI is provided with publicly available examples of document structures and is prompted to generate new documents based on these formats. This assists in the creation of  consistent, well-organized documents that adhere to established structures, making content creation more efficient and standardized. |
| **Office of Career, Technical, and Adult Education** | Administers, coordinates programs that are related to adult education and literacy, career and technical education, and community colleges. | Generative AI - Text Generation | AI provides examples of the latest technologies that can aid in the development of code. By analyzing current trends and tools, AI suggests relevant technologies, frameworks, and libraries that can enhance coding efficiency, improve performance, and streamline development processes. |
| **Office of Career, Technical, and Adult Education** | Administers, coordinates programs that are related to adult education and literacy, career and technical education, and community colleges. | Generative AI - Text Generation | AI is provided with publicly available images and tasked with describing them to ensure 508 accessibility compliance, generating detailed, clear descriptions of the images to make them accessible to individuals with visual impairments, meeting accessibility standards for digital content. |
| **Office of the Deputy Secretary** | Assists the Secretary in the discharge of Secretarial duties and responsibilities. | Generative AI - Code Generation | When prompted with descriptive paragraphs or specific queries, AI generates code snippets designed to assist with data analysis and data visualizations. |
| **Office of the Deputy Secretary** | Assists the Secretary in the discharge of Secretarial duties and responsibilities. | Generative AI - Information Summarization | AI is used to research and analyze public reports, policies, and media, extracting key action items enabling users to quickly identify important takeaways. |
| **Office of the Deputy Secretary** | Assists the Secretary in the discharge of Secretarial duties and responsibilities. | Generative AI - Text Generation | AI is used to generate email templates and draft content intended for public consumption. By analyzing the intended message and audience, AI creates well-structured, engaging templates and content that can be easily customized for various communication needs. |
| **Office of Elementary and Secondary Education** | To empower States, districts, and other organizations to meet the diverse needs of every student by providing leadership, technical assistance, and financial support. | Generative AI - Code Generation | When prompted with descriptive paragraphs or specific queries, AI generates code snippets designed to assist with data analysis and troubleshooting in Power BI and Python. These snippets can include tasks such as creating data visualizations, performing data transformations, writing DAX expressions for Power BI, or debugging Python scripts. |
| **Office of Elementary and Secondary Education** | To empower States, districts, and other organizations to meet the diverse needs of every student by providing leadership, technical assistance, and financial support. | Generative AI - Information Summarization | AI is used to search publicly available awards and progress reports to identify trends in specific programs and provide summary narratives. |
| **Office of Elementary and Secondary Education** | To empower States, districts, and other organizations to meet the diverse needs of every student by providing leadership, technical assistance, and financial support. | Generative AI - Text Generation | AI provides public policy analysis, templates for written materials, sample paragraphs, and drafts of memos by utilizing publicly available data. This helps streamline the creation of policy documents, reports, and communications, ensuring they are well-informed and aligned with current trends and regulations. |
| **Office of Educational Technology** | Develops educational technology policy and establishes strategies for encouraging the development and use of educational technology. | Generative AI - Text Generation | AI is used to generate text for many uses, including: sample drafts for emails, potential blog posts for schools and districts, and social media posts, titles, blogs, and webinars. |
| **Office of Finance and Operations** | To transform the Department into a high-performance, customer-focused organization by providing services to our customers that help them do a better job of managing their people, processes, and overall strategy. | Generative AI - Capability Evaluation | Using AI, a study is performed identifying places where AI is commonly used to improve business processes. |
| **Office of Finance and Operations** | To transform the Department into a high-performance, customer-focused organization by providing services to our customers that help them do a better job of managing their people, processes, and overall strategy. | Generative AI - Code Generation | When prompted with descriptive paragraphs or specific queries, AI generates code snippets designed to assist with data analysis and data visualizations. |
| **Office of Finance and Operations** | To transform the Department into a high-performance, customer-focused organization by providing services to our customers that help them do a better job of managing their people, processes, and overall strategy. | Generative AI - Text Generation | Paragraphs are generated, assisting employees in project plan documentation, writing program communications and offerings, and identifying potential learning materials. |
| **Office of the General Counsel** | Provides legal assistance to ED, including the provision of legal advice, litigation, and legislative services, and is responsible for performing certain law-related management functions, including managing the Department’s ethics program. | Generative AI - Capability Evaluation | Approved AI tools undergo thorough testing to evaluate their capability to provide accurate, reliable, and comprehensive legal information, ensuring the tools meet established standards for precision and dependability. |
| **Office of the General Counsel** | Provides legal assistance to ED, including the provision of legal advice, litigation, and legislative services, and is responsible for performing certain law-related management functions, including managing the Department’s ethics program. | Generative AI - Information Summarization | To assist in the identification of legal and civil rights issues, AI is used to find and summarize publicly available legal cases involving AI. |
| **Office of the General Counsel** | Provides legal assistance to ED, including the provision of legal advice, litigation, and legislative services, and is responsible for performing certain law-related management functions, including managing the Department’s ethics program. | Generative AI - Information Summarization | AI is requested to provide summaries of the strengths and weaknesses of AI tools, and identify opportunities, risks, and benefits of AI usage. |
| **Office of the General Counsel** | Provides legal assistance to ED, including the provision of legal advice, litigation, and legislative services, and is responsible for performing certain law-related management functions, including managing the Department’s ethics program. | Generative AI - Text Generation | AI is used to gather information and analyze the structure of contracts, state and federal laws, and collective bargaining agreements. By processing and interpreting relevant legal texts, AI helps users understand complex legal frameworks and identify key elements within these documents. |
| **Office of Postsecondary Education** | Works to strengthen the capacity of colleges and universities to promote reform, innovation and improvement in postsecondary education, promote and expand access to postsecondary education and increase college completion rates for America’s students. | Generative AI - Capability Evaluation | AI systems are tested to assess the range and depth of information they can provide on Congressional Directives, ensuring the AI comprehensively covers relevant topics and delivers accurate and contextually appropriate insights. |
| **Office of Postsecondary Education** | Works to strengthen the capacity of colleges and universities to promote reform, innovation and improvement in postsecondary education, promote and expand access to postsecondary education and increase college completion rates for America’s students. | Generative AI - Code Generation | Using AI, the creation of Excel Macros and Complex Formulae is automated, expediting data analysis. |
| **Office of Postsecondary Education** | Works to strengthen the capacity of colleges and universities to promote reform, innovation and improvement in postsecondary education, promote and expand access to postsecondary education and increase college completion rates for America’s students. | Generative AI - Idea Suggestion | AI is used to research and synthesize topics for deeper discussion, brainstorm project ideas, and explore potential use cases for educators or department stakeholders. |
| **Office of Postsecondary Education** | Works to strengthen the capacity of colleges and universities to promote reform, innovation and improvement in postsecondary education, promote and expand access to postsecondary education and increase college completion rates for America’s students. | Generative AI - Information Summarization | Public AI tools are used to summarize publicly available documents form various federal sources, and identify sections of text relevant to specified topics. |
| **Office of Postsecondary Education** | Works to strengthen the capacity of colleges and universities to promote reform, innovation and improvement in postsecondary education, promote and expand access to postsecondary education and increase college completion rates for America’s students. | Generative AI - Text Generation | AI tools generate drafts of narratives, marketing materials, public webinar scripts, and engagement-related documents. These drafts streamline the creation of content by providing well-structured, relevant text that can be customized for specific communication and outreach needs. |
| **Office of Special Education and Rehabilitee Services** | To improve early childhood, educational, and employment outcomes and raise expectations for all people with disabilities, their families, their communities, and the nation. | Generative AI - Capability Evaluation | AI is tested to provide a review of the potential uses of AI and to provide a comprehensive understanding of the tools. |
| **Office of Special Education and Rehabilitee Services** | To improve early childhood, educational, and employment outcomes and raise expectations for all people with disabilities, their families, their communities, and the nation. | Generative AI - Image Generation | AI is prompted to create images, icons, and other visual aids representing the Team Values created by OSERS teams. |
| **Office of Special Education and Rehabilitee Services** | To improve early childhood, educational, and employment outcomes and raise expectations for all people with disabilities, their families, their communities, and the nation. | Generative AI - Information Summarization | AI tools provide summaries of accomplishment reports in scholarly and leadership fields. |
| **Office of Special Education and Rehabilitee Services** | To improve early childhood, educational, and employment outcomes and raise expectations for all people with disabilities, their families, their communities, and the nation. | Generative AI - Information Summarization | AI tools provide summaries of publicly available assistance materials, publicly shared materials, and public development programs. |
| **Office of Special Education and Rehabilitee Services** | To improve early childhood, educational, and employment outcomes and raise expectations for all people with disabilities, their families, their communities, and the nation. | Generative AI - Code Generation | AI is prompted to generate snippets of VBA code and complex formulas for Excel. These code snippets and formulas assist users in automating tasks, performing advanced data analysis, and enhancing spreadsheet functionality, saving time and improving efficiency. |
| **Office of Special Education and Rehabilitee Services** | To improve early childhood, educational, and employment outcomes and raise expectations for all people with disabilities, their families, their communities, and the nation. | Generative AI - Code Generation | AI tools provide examples of paragraphs to augment written materials including blog posts, presentation for conferences, newsletters, and talking points. |
| **Office of the Under Secretary** | Coordinates policies, programs, and activities related to Postsecondary Education (OPE), Career, Technical Education, Adult Education (OCTAE), The Office of the Chief Economist, and Federal Student Aid (FSA). | Generative AI - Capability Evaluation | AI is prompted to provide instances where AI technology can be used to assist in the higher education arena, helping to identify how AI policy should be shaped. |
| **Office of the Under Secretary** | Coordinates policies, programs, and activities related to Postsecondary Education (OPE), Career, Technical Education, Adult Education (OCTAE), The Office of the Chief Economist, and Federal Student Aid (FSA). | Generative AI - Text Generation | Written paragraphs are generated to assist in drafting public remarks, summarizing public hearings, and extract bullets from publicly available documentation. |

You can also download the Use Cases in Excel format below.

[GenAI use cases for AI Inventory.zip](https://www.ed.gov/sites/ed/files/2024-09/GenAI%20use%20cases%20for%20AI%20Inventory_0.zip ""GenAI use cases for AI Inventory.zip"")

Office of the Chief Information Officer (OCIO)

Page Last Reviewed:

February 26, 2025

Help improve ED.gov

## Success

Thank you. Your feedback has been received.


## Error

alert message


I found the site helpful.

Disagree

Neutral

Agree

How can we improve?


2500 characters allowed


Submit",,"Learn more about federal Artificial Intelligence (AI) guidance, innovation, and risk management, and find an inventory of ED's AI use-cases.",,http://www.ed.gov/themes/custom/edgov/images/ed-og.png,https://www.ed.gov/themes/custom/edgov/favicon.ico
Understanding the Trump Administration’s Educational AI Policies - WCET,https://wcet.wiche.edu/frontiers/2025/08/11/understanding-the-trump-administrations-educational-ai-policies/,"# Understanding the Trump Administration’s Educational AI Policies

Published by: WCET \| 8/11/2025

Tags: [Artificial Intelligence](https://wcet.wiche.edu/frontiers/tag/artificial-intelligence/ ""Artificial Intelligence""), [Department Of Education](https://wcet.wiche.edu/frontiers/tag/department-of-education/ ""Department Of Education""), [Distance Education](https://wcet.wiche.edu/frontiers/tag/distance-education/ ""Distance Education""), [Negotiated Rulemaking](https://wcet.wiche.edu/frontiers/tag/negotiated-rulemaking/ ""Negotiated Rulemaking""), [Student Success](https://wcet.wiche.edu/frontiers/tag/student-success/ ""Student Success"")

Shares


![facebook sharing button](https://platform-cdn.sharethis.com/img/facebook.svg)Share

![twitter sharing button](https://platform-cdn.sharethis.com/img/twitter.svg)Tweet

![pinterest sharing button](https://platform-cdn.sharethis.com/img/pinterest.svg)Pin

![email sharing button](https://platform-cdn.sharethis.com/img/email.svg)Email

![sharethis sharing button](https://platform-cdn.sharethis.com/img/sharethis.svg)Share

[![Watch the video summary of today's post! WCET Frontiers logo.](https://wcet.wiche.edu/wp-content/uploads/sites/11/2025/08/Banner-video-summary-graphic-1024x357.png)](https://youtu.be/3TPuUzYqpE8 ""Opens in a new window"") [Check out a video summary of today’s blog post.](https://youtu.be/3TPuUzYqpE8 ""Opens in a new window"")

![Stylized and abstract image representing AI](https://wcet.wiche.edu/wp-content/uploads/sites/11/2025/08/Abstract-AI-1024x783.png)

On July 22nd, the White House released its [national AI action plan](https://www.whitehouse.gov/wp-content/uploads/2025/07/Americas-AI-Action-Plan.pdf ""Opens in a new window""), and, on the same day, the Department of Education followed up with the release of both a [Dear Colleague Letter](https://www.ed.gov/media/document/opepd-ai-dear-colleague-letter-7222025-110427.pdf ""Opens in a new window"") on the use of federal funds for Artificial Intelligence (AI) as well as a [call for public comment](https://www.regulations.gov/document/ED-2025-OS-0118-0001/comment ""Opens in a new window"") on the Secretary’s supplemental priority and definitions on advancing artificial intelligence in education.

Collectively, these documents provide us with an excellent indication of this administration’s AI priorities and policies. Although the impact of these documents on higher education is middling, it’s still important to understand the administration’s priorities and its approach to artificial intelligence.

## Winning the Race: America’s AI Action Plan

Last month, the White House released [_Winning the Race: America’s AI Action Plan_](https://www.whitehouse.gov/wp-content/uploads/2025/07/Americas-AI-Action-Plan.pdf ""Opens in a new window""). Proclaiming that America is in a “race to achieve global dominance in artificial intelligence,” the administration goes on to proclaim that, “Winning the AI race will usher in a new golden age of human flourishing, economic competitiveness, and national security for the American people… An industrial revolution, an information revolution, and a renaissance—all at once. This is the potential that AI presents.”

The plan itself consists of three pillars:

1. Accelerate AI Innovation,
2. Build American AI Infrastructure, and,
3. Lead in International AI Diplomacy and Security.

And although much of the plan is out of the purview of higher education, there are a few items that will potentially impact colleges and universities. The plan:

- outlines the need to encourage open-source and open-weight AI models and ties the development and use of those models to academia, among other players;
- advocates for the development of AI Centers of Excellence and domain-specific efforts that would include academic stakeholders in order to accelerate the development and adoption of national AI systems;
- calls for empowering American workers in the age of AI by having the Departments of Education, Labor, and Commerce, along with the National Science Foundation, prioritize AI skill development “as a core objective of relevant education and workforce funding streams,” and,
- Calls for the empowerment of American workers through the training of a skilled workforce that can facilitate the development of AI infrastructure. This would not only include engineers and computer scientists but also trades such as HVAC and construction. To do so, the plan goes on to state, “Led by DOE, expand the hands-on research training and development opportunities for undergraduate, graduate, and postgraduate students and educators, leveraging expertise and capabilities in AI across its national laboratories. This should include partnering with community colleges and technical/career colleges to prepare new workers and help transition the existing workforce to fill critical AI roles.”

## Department of Education’s July 22, 2025, Dear Colleague Letter

_**RE: Guidance on the Use of Federal Grant Funds to Improve Education Outcomes Using Artificial Intelligence (AI)**_

The purpose of this [Dear Colleague Letter](https://www.ed.gov/media/document/opepd-ai-dear-colleague-letter-7222025-110427.pdf ""Opens in a new window"") is to:

- provide grantees with guidance on the use of federal funds for artificial intelligence;
- outline how grantees can use AI to “enhance teaching and learning; and,
- expand access, and support educators, without replacing the critical role they play.”

![](https://wcet.wiche.edu/wp-content/uploads/sites/11/2025/08/plan-edited.png)

Towards this end, the letter outlines three areas that funds can be used for:

1. **AI-based high-quality instructional materials**, including adaptive instructional tools; high-quality personalized learning materials; and training for educators, providers, and families on how to use AI tools effectively and responsibly.
2. **AI-enhanced high-impact tutoring,** including intelligent tutoring systems for individualized and real-time academic support; hybrid human/AI tutoring platforms; and diagnostic and scheduling tools that leverage AI to match learners and tutoring services.
3. **AI for college and career pathway exploration, advising, and navigation,** including AI platforms that help students identify and explore career pathways; virtual advising systems that assist students with course planning, financial aid, and other transitions to postsecondary education or careers; and predictive models that assist in identifying students in need of additional support.

Perhaps more importantly, the Dear Colleague Letter includes five principles of responsible AI use that include:

1. **Educator-led:** AI should support teachers, providers, tutors, advisors, and education leaders.
2. **Ethical:** Within the K-12 realm in particular, educators should help students navigate AI to be able to evaluate the validity of AI outputs, to understand the appropriate use of AI in the context of social media, to learn with—rather than exclusively from—AI, and to leverage the promise of AI to be contributing members of a free society.
3. **Accessible:** AI tools or systems should be accessible for those who require digital accessibility accommodations, including children, educators, providers, and family members with disabilities.
4. **Transparent and explainable:** Stakeholders, especially parents, should understand how systems function and participate meaningfully in decisions about the adoption and deployment of new technologies.
5. **Data-protective:** Systems must comply with federal privacy laws, including the Family Educational Rights and Privacy Act.

## Call for Public Comment Proposed Priority and Definitions

_**Secretary’s Supplemental Priority and Definitions on Advancing Artificial Intelligence in Education**_

_**(Docket ID ED—2025—OS—0118)**_

On July 20th, the Department of Education also released a [call for public comment](https://www.regulations.gov/document/ED-2025-OS-0118-0001/comment ""Opens in a new window"") regarding the Secretary’s supplemental priority and definitions on advancing artificial intelligence in education. In this call for public comment, the Department lays out its priorities around artificial intelligence as well as a proposed regulatory definition of artificial intelligence literacy. Arguing that “As AI becomes more integrated into the tools and systems that shape elementary, secondary, and postsecondary education, it is increasingly important for students to develop AI literacy.” The Department goes on to discuss what it refers to as “powerful opportunities” for AI to support teaching and learning. These include:

- personalized instruction,
- analysis of student progress,
- identification of learning gaps, and,
- tailored student support.

Although much of this document focuses on K-12 instruction, it does include several higher education areas, including the recommendation that colleges and universities “Expand offerings of AI and computer science courses as part of an institution of higher education’s general education and/or core curriculum.” It also advocates for providing professional development around AI skills for pre-service and in-service teachers, a role that higher education is uniquely qualified to fill. Additionally, the Department suggests that institutions should create dual enrollment opportunities for students to earn postsecondary and industry-recognized credentials in AI coursework. Finally, of note, the Department urges that AI be leveraged to “Promote efficiency in classrooms and school operations through the application of AI technologies that reduce time-intensive administrative tasks.” The call for public comment also includes a proposed definition of artificial intelligence literacy:

_Artificial intelligence (AI) literacy means the technical knowledge, durable skills, and future ready attitudes required to thrive in a world influenced by AI. It enables learners to engage, create with, manage, and design AI, while critically evaluating its benefits, risks, and implications._

WCET largely concurs with the Department’s priorities and definition of AI literacy. However, [in our public comment](https://wcet.wiche.edu/wp-content/uploads/sites/11/2025/08/WCET-Comment-2025-AI-priorities-1.pdf), we proposed the following changes in bold: _“ **Artificial intelligence (AI)** **literacies** mean the interconnected technical knowledge, durable skills, and future-ready mindsets required to thrive in a world influenced by AI. **They** enable learners to engage, create with, manage, and design AI while critically evaluating its benefits **and** risks, **as well as its ethical, social, political, economic, and cultural** implications.”_ We believe, in accordance with the scholarship of [experts such as Angela Gunder](https://openedculture.org/projects/dimensions-of-ai-literacies/ ""Opens in a new window""), CEO and Founder of Opened Culture, that it is more accurate to describe AI literacy as a plurality of literacies that operate on a continuum rather than dichotomously. We also believe that it is essential to underscore the critical implications of AI by explicitly calling out those implications.

We suggest that institutions or individuals who are interested in AI in postsecondary education consider [submitting a public comment](https://www.regulations.gov/document/ED-2025-OS-0118-0001/comment ""Opens in a new window"") by August 20th.

## In Conclusion: We’re at a Crossroads

![Image of a crossroads - two different paths going different directions.](https://wcet.wiche.edu/wp-content/uploads/sites/11/2025/08/Crossroads-1.png)

Even if higher education is only minimally called out in these documents, digital learning leaders have a strong role to play in influencing these policies both at the national level and at their institutions. Whether it’s through the public comment process or just staying abreast so you can help shape the development of your campus policies, digital learning leaders are well-positioned to advocate for the ethical, responsible, and effective integration of AI in teaching and learning.

Here at WCET, we are committed to helping you stay informed of the federal government’s AI efforts that directly impact higher education institutions. We are at a crossroads, and now is the moment for digital learning leaders to lend their expertise towards helping us navigate the increasingly complex landscape of artificial intelligence. Too much is at stake for us to stay on the sidelines.

* * *

_This post was written by Van Davis, WCET_

[![Van Davis](https://wcet.wiche.edu/wp-content/uploads/sites/11/2021/04/van-davis-new.jpg)](https://wcet.wiche.edu/frontiers/2025/08/11/understanding-the-trump-administrations-educational-ai-policies/#)

[**Van Davis**](https://wcet.wiche.edu/frontiers/2025/08/11/understanding-the-trump-administrations-educational-ai-policies/#)

Executive Director, WCET & Vice President, Digital Learning, WICHE

* * *

[vdavis@wiche.edu](mailto:vdavis@wiche.edu)

[LinkedIn Profile](https://www.linkedin.com/in/vldavis/)

Previous

### [1984 to 2025: What Four Decades of Technology Taught Me About AI’s Promise](https://wcet.wiche.edu/frontiers/2025/08/07/1984-to-2025-what-four-decades-of-technology-taught-me-about-ais-promise/)

Next

### [Your Opportunity to Inform the Department of ED: New Rulemaking Impact on Digital Learning](https://wcet.wiche.edu/frontiers/2025/08/13/inform-the-department-of-ed-new-rulemaking-impact-on-digital-learning/)

We use cookies to ensure that we give you the best experience on our website. If you continue to use this site we will assume that you are happy with it.OK

Shares


![linkedin sharing button](https://platform-cdn.sharethis.com/img/linkedin.svg)

![email sharing button](https://platform-cdn.sharethis.com/img/email.svg)

![sharethis sharing button](https://platform-cdn.sharethis.com/img/sharethis.svg)

![arrow_left sharing button](https://platform-cdn.sharethis.com/img/arrow_left.svg)

![arrow_right sharing button](https://platform-cdn.sharethis.com/img/arrow_right.svg)",,"Discussion on the Trump Administration’s new AI policies for education, including federal guidelines, funding, and implications for higher ed leaders.",,https://wcet.wiche.edu/wp-content/uploads/sites/11/2025/08/Abstract-AI.png,https://wcet.wiche.edu/wp-content/uploads/sites/11/2021/07/wcet-favicon.png
CCA's Comments on the Department of Education’s Notice of Proposed Priority and Definitions on Advancing Artificial Intelligence in Education - Complete College America,https://completecollege.org/news/ccas-comments-on-the-department-of-educations-notice-of-proposed-priority-and-definitions-on-advancing-artificial-intelligence-in-education/,"By continuing to browse the site you are agreeing to our use of cookies and similar tracking technologies described in our [privacy policy](https://completecollege.org/privacy-policy/).

I AgreeDecline

August 20, 2025

# CCA’s Comments on the Department of Education’s Notice of Proposed Priority and Definitions on Advancing Artificial Intelligence in Education

_Public comments submitted by CCA on the Department of Education’s Notice of Proposed Priority and Definitions – Secretary’s Supplemental Priority and Definitions on Advancing Artificial Intelligence in Education:_

We recognize the transformative potential of artificial intelligence (AI) in enhancing educational outcomes and are committed to supporting the Department’s goals. We support the administration’s efforts to expand AI literacy, integrate AI into teaching practices, and provide professional development for educators, which will foster a future-ready education system.

CCA is a national nonprofit dedicated to increasing college completion rates through evidence-based reforms that drive student success and creating economic opportunities through postsecondary education. CCA brings a distinct perspective on how AI can advance educational outcomes and student success at scale through our work with our Alliance, which comprises 53 members, including 44 states and territories.

Recognizing AI’s transformative potential early, CCA has positioned itself at the forefront of responsible AI adoption in higher education. In 2024, we launched our Council on AI, bringing together practitioners, researchers, and leaders from a wide spectrum of institutions to develop tools and resources to inform and support AI implementation. In January 2025, CCA selected five institutions to participate in the CCA AI Readiness Initiative, one of the first efforts to prepare community college students with AI skills and hands-on experience. These institutions, which include Atlanta Metropolitan State College, City Colleges of Chicago, City University of New York, Cuyahoga Community College, and Pikes Peak State College, are partnering with CCA and our technology partner, Riipen, to integrate AI competencies into their academic programs – pushing them to the forefront of developing and piloting best practices for AI integration in courses and pathways in higher education.

We strongly support the administration’s commitment to a comprehensive national strategy for AI in education, and endorse the Department’s efforts in its proposed priorities to:

- Expand offerings of AI and computer science courses as part of an institution of higher education’s general education and/or core curriculum;
- Promote AI literacy and workforce readiness;
- Provide professional development on AI integration; and
- Use AI technology to provide high-quality instructional resources, high-impact tutoring, college and career pathway exploration, advising, and navigation to improve educational outcomes.

CCA believes these efforts must be implemented that allows students, faculty, staff, and administrators the vast access and benefits that AI offers. We know that it is essential for all institutions, but particularly under-resourced institutions that may lack the staff capacity of their better-resourced peers. The above-mentioned objectives from the Department align well with CCA’s AI framework, found in [_Generating College Completion: Charting a Path to Institutional AI Adoption for Student Success in Higher Education_](https://completecollegeamerica.s3.us-east-2.amazonaws.com/wp-content/uploads/2025/01/14134637/CCA_GeneratingCollegeCompletion-1.pdf). The report identifies six benefits for institutions if they responsibly adopt AI and expand student support. These include:

1. Personalized learning – customizing instruction to individual needs and learning styles;
2. Comprehensive support – leveraging AI to deliver 24/7 academic, student service, and professional development tools;
3. Early intervention – using predictive analytics to identify and assist struggling students;
4. Streamlined administrative processes promoting efficiencies in the classroom and freeing up institutional resources for student engagement;
5. Enhanced accessibility – supporting students with disabilities via AI-enabled tools; and
6. Workforce readiness – building student competency with real-world AI tools

Our report provides practical scenarios to illustrate how institutions are building AI capacity and developing key competencies for institutions that align with the Department’s goals. We highlight examples that demonstrate the benefits of different approaches across a range of institutional types, including: Arizona State University, Morehouse College, Northern Essex Community College, and Charter Oak State College.

The data show that to harness AI’s potential for improving student outcomes, all colleges and universities must have the infrastructure and support so their campus community members develop strong AI literacy and appropriately adopt AI tools. To advance the administration’s goal of “support\[ing\] efforts that expand student understanding of AI and its real-world applications,” the Department needs to ensure existing disparities in higher education are not compounded by the rise and use of AI. To prevent a widening digital divide, it is essential to address funding disparities that impact community colleges, Minority-Serving Institutions, and other under-resourced institutions, ensuring access to AI-driven educational advancements.

By emphasizing the adoption and innovation of AI across higher education, we can foster learning environments that are more effective, responsive to workforce demands, and equipped for the future. This focus will help support increasing student success and completion rates and ensure graduates are well-prepared for the demands of an AI-driven world.

CCA applauds the administration’s focus on prioritizing AI to improve student outcomes and develop an AI-ready workforce.

Article Type

[Policy Updates](https://completecollege.org/news/article-type/policy-updates/)

Topics

[AI](https://completecollege.org/news/article-topic/ai/), [Policy](https://completecollege.org/news/article-topic/policy/), [Technology](https://completecollege.org/news/article-topic/technology/)

Alliance Members

## Related Posts

- [![Amplification Lab — Scaling Student Success with AI: How Maryland, DataKind, and Partners Are Transforming Student Outcomes](https://completecollege.org/wp-content/uploads/2025/12/CCANEXT2025-533-scaled.jpeg)](https://completecollege.org/news/amplification-lab-scaling-student-success-with-ai/)







December 17, 2025



### [Amplification Lab — Scaling Student Success with AI: How Maryland, DataKind, and Partners Are Transforming Student Outcomes](https://completecollege.org/news/amplification-lab-scaling-student-success-with-ai/)





In a guest post from DataKind’s John Harnisher, PhD, read how leaders from the Maryland Higher Education Commission, Google.org, Wor-Wic Community College, and DataKind gathered at the 2025 CCA Annual Convening to share how AI-driven tools and cross-sector partnerships are reshaping student success at scale.





[Learn More: Amplification Lab — Scaling Student Success with AI: How Maryland, DataKind, and Partners Are Transforming Student Outcomes](https://completecollege.org/news/amplification-lab-scaling-student-success-with-ai/)

- [![CCA Announces additional Main Stage Sessions for NEXT: The 2025 CCA Annual Convening](https://completecollege.org/wp-content/uploads/2025/09/NextHeroImageDark-scaled.png)](https://completecollege.org/news/complete-college-america-announces-additional-main-stage-sessions-for-next-the-2025-cca-annual-convening/)







October 15, 2025



### [CCA Announces additional Main Stage Sessions for NEXT: The 2025 CCA Annual Convening](https://completecollege.org/news/complete-college-america-announces-additional-main-stage-sessions-for-next-the-2025-cca-annual-convening/)





Main stage panels featuring campus presidents from Maryland, DC, and Virginia and technology innovators on the future of higher education and AI.





[Learn More: CCA Announces additional Main Stage Sessions for NEXT: The 2025 CCA Annual Convening](https://completecollege.org/news/complete-college-america-announces-additional-main-stage-sessions-for-next-the-2025-cca-annual-convening/)

- ![](https://completecollege.org/wp-content/uploads/2025/02/default-image-light.png)







September 16, 2025



### [Government Technology: Anthropic Taps Higher Education Leaders for Guidance on AI](https://completecollege.org/news/government-technology-anthropic-taps-higher-education-leaders-for-guidance-on-ai/)





Mentions CCA President Dr. Yolanda Watson Spiva’s appointment to Anthropic’s Higher Education Advisory Board.





[Learn More: Government Technology: Anthropic Taps Higher Education Leaders for Guidance on AI](https://completecollege.org/news/government-technology-anthropic-taps-higher-education-leaders-for-guidance-on-ai/)


Notifications",,Public comments submitted by CCA on the Department of Education’s Notice of Proposed Priority and Definitions - Secretary's Supplemental Priority and Definitions on Advancing Artificial Intelligence in Education: We recognize the transformative potential of artificial intelligence (AI) in enhancing educational outcomes and are committed to supporting the Department's goals. We…,,https://completecollege.org/wp-content/uploads/2025/09/CCA-Open-Graph-Image.png,https://completecollege.org/wp-content/uploads/2025/07/cropped-CCA-Favicon-32x32.png
AI Education,https://www.ai.gov/initiatives/education,"[Home\\
![](https://cdn.prod.website-files.com/686ecd0062f779f2ba045e1b/686ecd0062f779f2ba045f7b_White%20arrow%20button.svg)\\
![](https://cdn.prod.website-files.com/686ecd0062f779f2ba045e1b/687fe55add135872d941d7fb_home.png)](https://www.ai.gov/) [Action Plan\\
![](https://cdn.prod.website-files.com/686ecd0062f779f2ba045e1b/686ecd0062f779f2ba045f7b_White%20arrow%20button.svg)\\
![](https://cdn.prod.website-files.com/686ecd0062f779f2ba045e1b/687fe3a1cb630ef21bbd418c_Group%20633415.png)](https://www.ai.gov/action-plan) [Education\\
![](https://cdn.prod.website-files.com/686ecd0062f779f2ba045e1b/686ecd0062f779f2ba045f7b_White%20arrow%20button.svg)\\
![](https://cdn.prod.website-files.com/686ecd0062f779f2ba045e1b/687fe3bcc93072f7a7aa6284_Group%20633414.png)](https://www.ai.gov/initiatives/education) [Presidential Challenge\\
![](https://cdn.prod.website-files.com/686ecd0062f779f2ba045e1b/686ecd0062f779f2ba045f7b_White%20arrow%20button.svg)\\
![](https://cdn.prod.website-files.com/686ecd0062f779f2ba045e1b/68adb0693d652e558831817c_Presidential%20AI%20Challenge%20-%20First%20Lady%20Melania%20Trump%202.png)](https://www.ai.gov/initiatives/presidential-challenge)

## the white house task force on AI education

The White House Task Force on Artificial Intelligence Education implements policy and coordinates Federal efforts related to Al education, including the actions outlined in the President's Al Education Executive Order. President Trump has called for the United States to promote Al literacy and proficiency among America's youth and educators by:

### **promoting the appropriate information of ai into education**

### **PROVIDING COMPREHENSIVE AI TRAINING FOR EDUCATORS**

### **FOSTERING EARLY EXPOSURE TO AI CONCEPTS AND TECHNOLOGY to DEVELOP AN AI-READY WORKFORCE AND THE NEXT GENERATION of American ai innovators**

Task Force members include the Director of the Office of Science and Technology Policy (chair), the Secretary of Agriculture, the Secretary of Labor, the Secretary of Education, the Secretary of Energy, the Director of the National Science Foundation, the Assistant to the President for Domestic Policy, the Special Advisor for AI & Crypto, the Assistant to the President for Policy, and the Assistant to the President for the Office of the First Lady.

## Resources

To provide resources for K-12 Al education, the White House Task Force on Al Education is establishing public-private partnerships with leading Al industries, academic institutions, nonprofit entities, and other organizations to provide online resources fostering foundational Al literacy and critical thinking skills for America's youth.

These resources will help our Nation's K-12 youth and lifelong learners develop new skills for a changing workforce. By establishing a strong framework that integrates early student exposure with comprehensive teacher training and other resources for workforce development, we will ensure that every American has the opportunity to learn about Al.

[Pledge to Youth\\
\\
![](https://cdn.prod.website-files.com/686ecd0062f779f2ba045e1b/686ecd0062f779f2ba046042_black-arrow-topright-vector.svg)![](https://cdn.prod.website-files.com/686ecd0062f779f2ba045e1b/686ecd0062f779f2ba046040_white-arrow-topright-vector.svg)](https://whitehouse.gov/edai)

[Resources\\
\\
![](https://cdn.prod.website-files.com/686ecd0062f779f2ba045e1b/686ecd0062f779f2ba046042_black-arrow-topright-vector.svg)![](https://cdn.prod.website-files.com/686ecd0062f779f2ba045e1b/686ecd0062f779f2ba046040_white-arrow-topright-vector.svg)](https://orise.orau.gov/ai-education-resources/)

![](https://cdn.prod.website-files.com/686ecd0062f779f2ba045e1b/6877fae13e9941e8567e4d1f_Group%2016735.png)

Stay in the know on AI Initiatives

[![](https://cdn.prod.website-files.com/686ecd0062f779f2ba045e1b/687ff4a8de98414f71919065_Frame%20634301-2.png)](https://www.ai.gov/)

Initiatives

[Pledge to Youth](https://whitehouse.gov/edai) [Education](https://www.ai.gov/initiatives/education) [Presidential Challenge](https://www.ai.gov/initiatives/presidential-challenge)

Resources

[AI Action Plan](https://www.whitehouse.gov/wp-content/uploads/2025/07/Americas-AI-Action-Plan.pdf) [The White House](https://whitehouse.gov/) [News](https://whitehouse.gov/news)

[Copyright](https://www.whitehouse.gov/copyright/)

[Privacy Policy](https://www.whitehouse.gov/privacy/)",,"President Trumps' goal is for America’s young people to gain interest and expertise in AI technology from an early age, enabling America to maintain global dominance in this technological revolution for future generations.",,,https://cdn.prod.website-files.com/686ecd0062f779f2ba045e1b/687e863804d3e7db6cf3c9a6_32x32.png
