Condition_Category,Prevalence_Percentage,Population_Type,Source,Source_Citation
Any Mental Health Disorder,43.0,All inmates,Bureau of Justice Statistics (2024),Bureau of Justice Statistics. (2024). Mental health problems of prison inmates.
Serious Psychological Distress,26.0,All inmates,Bureau of Justice Statistics (2024),Bureau of Justice Statistics. (2024). Mental health problems of prison inmates.
Major Depression,24.0,All inmates,Prison Policy Initiative (2024),Prison Policy Initiative. (2024). Mental health in prisons.
PTSD,18.0,All inmates,Research literature synthesis,Synthesized from multiple research papers
Anxiety Disorders,30.0,All inmates,Research literature synthesis,Synthesized from multiple research papers
Substance Use Disorder,65.0,All inmates,Bureau of Justice Statistics (2024),Bureau of Justice Statistics. (2024). Substance dependence in prisons.
Co-occurring Disorders,38.0,All inmates,Research literature synthesis,Synthesized from multiple research papers
Receiving Mental Health Treatment,34.0,All inmates,Prison Policy Initiative (2024),Prison Policy Initiative. (2024). Mental health treatment access.
Not Receiving Needed Treatment,66.0,Those needing treatment,Prison Policy Initiative (2024),Prison Policy Initiative. (2024). Mental health treatment access.
