Age_Group,Percentage,Peak_Age_Range,Source,Notes
18-24,8.5,No,Federal Bureau of Prisons (2024),Younger offenders
25-29,18.2,No,Federal Bureau of Prisons (2024),Rising incarceration
30-34,19.5,Yes,Federal Bureau of Prisons (2024),Peak incarceration age
35-39,17.3,No,Federal Bureau of Prisons (2024),High incarceration
40-44,14.8,No,Federal Bureau of Prisons (2024),Declining
45-49,10.2,No,Federal Bureau of Prisons (2024),Declining
50-54,6.8,No,Federal Bureau of Prisons (2024),Declining
55-59,3.2,No,Federal Bureau of Prisons (2024),Low
60+,1.5,No,Federal Bureau of Prisons (2024),Lowest rate
